{
    "camera_matrix":[
        [
            8778.27356668192,
            0.0,
            358.5275900143213
        ],
        [
            0.0,
            9207.823864078635,
            231.1731689430412
        ],
        [
            0.0,
            0.0,
            1.0
        ]
    ],
    "dist_coeff":[
        [
            -26.217943222851474,
            27369.41938083646,
            0.13200899326646148,
            0.06030793866528439,
            61.86164171525502
        ]
    ]
}